name,id,icon
[Claw] Advanced Combat Costume,BP_ZB_YeMan_ZD_31_C,img/item/BP_ZB_YeMan_ZD_Lv3_01.webp
[Claw] Advanced Combat Gloves,BP_ZB_YeMan_ZD_32_C,img/item/BP_ZB_YeMan_ZD_Lv3_02.webp
[Claw] Advanced Combat Pants,BP_ZB_YeMan_ZD_33_C,img/item/BP_ZB_YeMan_ZD_Lv3_03.webp
[Claw] Advanced Combat Shoes,BP_ZB_YeMan_ZD_34_C,img/item/BP_ZB_YeMan_ZD_Lv3_04.webp
[Claw] Basic Combat Costume,BP_ZB_YeMan_ZD_11_C,img/item/BP_ZB_YeMan_ZD_Lv1_01.webp
[Claw] Basic Combat Gloves,BP_ZB_YeMan_ZD_12_C,img/item/BP_ZB_YeMan_ZD_Lv1_02.webp
[Claw] Basic Combat Pants,BP_ZB_YeMan_ZD_13_C,img/item/BP_ZB_YeMan_ZD_Lv1_03.webp
[Claw] Basic Combat Shoes,BP_ZB_YeMan_ZD_14_C,img/item/BP_ZB_YeMan_ZD_Lv1_04.webp
[Claw] Everyday Costume,BP_ZB_YeMan_SH_1_C,img/item/BP_ZB_YeMan_SH_Lv1_01.webp
[Claw] Everyday Gloves,BP_ZB_YeMan_SH_2_C,img/item/BP_ZB_YeMan_SH_Lv1_02.webp
[Claw] Everyday Pants,BP_ZB_YeMan_SH_3_C,img/item/BP_ZB_YeMan_SH_Lv1_03.webp
[Claw] Everyday Shoes,BP_ZB_YeMan_SH_4_C,img/item/BP_ZB_YeMan_SH_Lv1_04.webp
[Claw] Medium Combat Costume,BP_ZB_YeMan_ZD_21_C,img/item/BP_ZB_YeMan_ZD_Lv2_01.webp
[Claw] Medium Combat Gloves,BP_ZB_YeMan_ZD_22_C,img/item/BP_ZB_YeMan_ZD_Lv2_02.webp
[Claw] Medium Combat Pants,BP_ZB_YeMan_ZD_23_C,img/item/BP_ZB_YeMan_ZD_Lv2_03.webp
[Claw] Medium Combat Shoes,BP_ZB_YeMan_ZD_24_C,img/item/BP_ZB_YeMan_ZD_Lv2_04.webp
[Claw] Winter Gloves,BP_ZB_YeMan_YH_2_C,img/item/BP_ZB_YeMan_YuHan_Lv3_02.webp
[Claw] Winter Knitwear,BP_ZB_YeMan_YH_1_C,img/item/BP_ZB_YeMan_YuHan_Lv3_01.webp
[Claw] Winter Pants,BP_ZB_YeMan_YH_3_C,img/item/BP_ZB_YeMan_YuHan_Lv3_03.webp
[Claw] Winter Shoes,BP_ZB_YeMan_YH_4_C,img/item/BP_ZB_YeMan_YuHan_Lv3_04.webp
[Fang] Advanced Combat Costume,BP_ZB_ShenMi_ZD_31_C,img/item/BP_ZB_ShenMi_ZD_Lv3_01.webp
[Fang] Advanced Combat Gloves,BP_ZB_ShenMi_ZD_32_C,img/item/BP_ZB_ShenMi_ZD_Lv3_02.webp
[Fang] Advanced Combat Pants,BP_ZB_ShenMi_ZD_33_C,img/item/BP_ZB_ShenMi_ZD_Lv3_03.webp
[Fang] Advanced Combat Shoes,BP_ZB_ShenMi_ZD_34_C,img/item/BP_ZB_ShenMi_ZD_Lv3_04.webp
[Fang] Basic Combat Costume,BP_ZB_ShenMi_ZD_11_C,img/item/BP_ZB_ShenMi_ZD_Lv1_01.webp
[Fang] Basic Combat Gloves,BP_ZB_ShenMi_ZD_12_C,img/item/BP_ZB_ShenMi_ZD_Lv1_02.webp
[Fang] Basic Combat Pants,BP_ZB_ShenMi_ZD_13_C,img/item/BP_ZB_ShenMi_ZD_Lv1_03.webp
[Fang] Basic Combat Shoes,BP_ZB_ShenMi_ZD_14_C,img/item/BP_ZB_ShenMi_ZD_Lv1_04.webp
[Fang] Everyday Costume,BP_ZB_ShenMi_SH_1_C,img/item/BP_ZB_ShenMi_SH_Lv1_01.webp
[Fang] Everyday Gloves,BP_ZB_ShenMi_SH_2_C,img/item/BP_ZB_ShenMi_SH_Lv1_02.webp
[Fang] Everyday Pants,BP_ZB_ShenMi_SH_3_C,img/item/BP_ZB_ShenMi_SH_Lv1_03.webp
[Fang] Everyday Shoes,BP_ZB_ShenMi_SH_4_C,img/item/BP_ZB_ShenMi_SH_Lv1_04.webp
[Fang] Medium Combat Costume,BP_ZB_ShenMi_ZD_21_C,img/item/BP_ZB_ShenMi_ZD_Lv2_01.webp
[Fang] Medium Combat Gloves,BP_ZB_ShenMi_ZD_22_C,img/item/BP_ZB_ShenMi_ZD_Lv2_02.webp
[Fang] Medium Combat Pants,BP_ZB_ShenMi_ZD_23_C,img/item/BP_ZB_ShenMi_ZD_Lv2_03.webp
[Fang] Medium Combat Shoes,BP_ZB_ShenMi_ZD_24_C,img/item/BP_ZB_ShenMi_ZD_Lv2_04.webp
[Fang] Winter Gloves,BP_ZB_ShenMi_YH_2_C,img/item/BP_ZB_ShenMi_YuHan_Lv3_02.webp
[Fang] Winter Knitwear,BP_ZB_ShenMi_YH_1_C,img/item/BP_ZB_ShenMi_YuHan_Lv3_01.webp
[Fang] Winter Pants,BP_ZB_ShenMi_YH_3_C,img/item/BP_ZB_ShenMi_YuHan_Lv3_03.webp
[Fang] Winter Shoes,BP_ZB_ShenMi_YH_4_C,img/item/BP_ZB_ShenMi_YuHan_Lv3_04.webp
[Flint] Advanced Combat Costume,BP_ZB_ZhiHui_ZD_31_C,img/item/BP_ZB_ZhiHui_ZD_Lv3_01.webp
[Flint] Advanced Combat Gloves,BP_ZB_ZhiHui_ZD_32_C,img/item/BP_ZB_ZhiHui_ZD_Lv3_02.webp
[Flint] Advanced Combat Pants,BP_ZB_ZhiHui_ZD_33_C,img/item/BP_ZB_ZhiHui_ZD_Lv3_03.webp
[Flint] Advanced Combat Shoes,BP_ZB_ZhiHui_ZD_34_C,img/item/BP_ZB_ZhiHui_ZD_Lv3_04.webp
[Flint] Basic Combat Costume,BP_ZB_ZhiHui_ZD_11_C,img/item/BP_ZB_ZhiHui_ZD_Lv1_01.webp
[Flint] Basic Combat Gloves,BP_ZB_ZhiHui_ZD_12_C,img/item/BP_ZB_ZhiHui_ZD_Lv1_02.webp
[Flint] Basic Combat Pants,BP_ZB_ZhiHui_ZD_13_C,img/item/BP_ZB_ZhiHui_ZD_Lv1_03.webp
[Flint] Basic Combat Shoes,BP_ZB_ZhiHui_ZD_14_C,img/item/BP_ZB_ZhiHui_ZD_Lv1_04.webp
[Flint] Everyday Costume,BP_ZB_ZhiHui_SH_1_C,img/item/BP_ZB_ZhiHui_SH_Lv1_01.webp
[Flint] Everyday Gloves,BP_ZB_ZhiHui_SH_2_C,img/item/BP_ZB_ZhiHui_SH_Lv1_02.webp
[Flint] Everyday Pants,BP_ZB_ZhiHui_SH_3_C,img/item/BP_ZB_ZhiHui_SH_Lv1_03.webp
[Flint] Everyday Shoes,BP_ZB_ZhiHui_SH_4_C,img/item/BP_ZB_ZhiHui_SH_Lv1_04.webp
[Flint] Medium Combat Costume,BP_ZB_ZhiHui_ZD_21_C,img/item/BP_ZB_ZhiHui_ZD_Lv2_01.webp
[Flint] Medium Combat Gloves,BP_ZB_ZhiHui_ZD_22_C,img/item/BP_ZB_ZhiHui_ZD_Lv2_02.webp
[Flint] Medium Combat Pants,BP_ZB_ZhiHui_ZD_23_C,img/item/BP_ZB_ZhiHui_ZD_Lv2_03.webp
[Flint] Medium Combat Shoes,BP_ZB_ZhiHui_ZD_24_C,img/item/BP_ZB_ZhiHui_ZD_Lv2_04.webp
[Flint] Winter Gloves,BP_ZB_ZhiHui_YH_2_C,img/item/BP_ZB_ZhiHui_YuHan_Lv3_02.webp
[Flint] Winter Knitwear,BP_ZB_ZhiHui_YH_1_C,img/item/BP_ZB_ZhiHui_YuHan_Lv3_01.webp
[Flint] Winter Pants,BP_ZB_ZhiHui_YH_3_C,img/item/BP_ZB_ZhiHui_YuHan_Lv3_03.webp
[Flint] Winter Shoes,BP_ZB_ZhiHui_YH_4_C,img/item/BP_ZB_ZhiHui_YuHan_Lv3_04.webp
Advanced Frog Bone Necklace,BP_ZB_XiangLian_Boss_2_2_C,img/item/BP_ZB_XiangLian_Boss_2_2.webp
Advanced Frog Bone Ring,BP_ZB_JieZhi_Boss_2_2_C,img/item/BP_ZB_JieZhi_Boss_2.webp
Advanced Frog Claw Gloves,BP_ZB_ShouTao_Boss_2_2_C,img/item/BP_ZB_ShouTao_Boss_2.webp
Advanced Frog Leather Armor,BP_ZB_YiFu_Boss_2_2_C,img/item/BP_ZB_YiFu_Boss_2.webp
Advanced Frog Leather Boots,BP_ZB_XieZi_Boss_2_2_C,img/item/BP_ZB_XieZi_Boss_2.webp
Advanced Frog Leather Pants,BP_ZB_KuZi_Boss_2_2_C,img/item/BP_ZB_KuZi_Boss_2.webp
Advanced Giant Ape Gloves,BP_ZB_ShouTao_Boss_4_2_C,img/item/BP_ZB_ShouTao_Boss_4.webp
Advanced Giant Ape Leather Armor,BP_ZB_YiFu_Boss_4_2_C,img/item/BP_ZB_YiFu_Boss_4.webp
Advanced Giant Ape Leather Boots,BP_ZB_XieZi_Boss_4_2_C,img/item/BP_ZB_XieZi_Boss_4.webp
Advanced Giant Ape Leather Pants,BP_ZB_KuZi_Boss_4_2_C,img/item/BP_ZB_KuZi_Boss_4.webp
Advanced Giant Ape Necklace,BP_ZB_XiangLian_Boss_4_2_C,img/item/BP_ZB_XiangLian_Boss_4_2.webp
Advanced Giant Ape Ring,BP_ZB_JieZhi_Boss_4_2_C,img/item/BP_ZB_JieZhi_Boss_4.webp
Advanced Mammoth Gloves,BP_ZB_ShouTao_Boss_5_2_C,img/item/BP_ZB_ShouTao_Boss_5.webp
Advanced Mammoth Leather Armor,BP_ZB_YiFu_Boss_5_2_C,img/item/BP_ZB_YiFu_Boss_5.webp
Advanced Mammoth Leather Boots,BP_ZB_XieZi_Boss_5_2_C,img/item/BP_ZB_XieZi_Boss_5.webp
Advanced Mammoth Leather Pants,BP_ZB_KuZi_Boss_5_2_C,img/item/BP_ZB_KuZi_Boss_5.webp
Advanced Mammoth Necklace,BP_ZB_XiangLian_Boss_5_2_C,img/item/BP_ZB_XiangLian_Boss_5_2.webp
Advanced Mammoth Ring,BP_ZB_JieZhi_Boss_5_2_C,img/item/BP_ZB_JieZhi_Boss_5.webp
Advanced Saber-toothed Predator Gloves,BP_ZB_ShouTao_JianChiHu_2_C,img/item/BP_ZB_ShouTao_JianChiHu.webp
Advanced Saber-toothed Predator Leather Armor,BP_ZB_YiFu_JianChiHu_2_C,img/item/BP_ZB_YiFu_JianChiHu.webp
Advanced Saber-toothed Predator Leather Boots,BP_ZB_XieZi_JianChiHu_2_C,img/item/BP_ZB_XieZi_JianChiHu.webp
Advanced Saber-toothed Predator Leather Pants,BP_ZB_KuZi_JianChiHu_2_C,img/item/BP_ZB_KuZi_JianChiHu.webp
Advanced Saber-toothed Predator Necklace,BP_ZB_XiangLian_JianChiHu_2_C,img/item/BP_ZB_XiangLian_JianChiHu.webp
Advanced Saber-toothed Predator Ring,BP_ZB_JieZhi_JianChiHu_2_C,img/item/BP_ZB_JieZhi_JianChiHu.webp
Advanced Tempest Griffin Feather Armor,BP_ZB_YiFu_Boss_3_2_C,img/item/BP_ZB_YiFu_Boss_3.webp
Advanced Tempest Griffin Feather Boots,BP_ZB_XieZi_Boss_3_2_C,img/item/BP_ZB_XieZi_Boss_3.webp
Advanced Tempest Griffin Feather Pants,BP_ZB_KuZi_Boss_3_2_C,img/item/BP_ZB_KuZi_Boss_3.webp
Advanced Tempest Griffin Gloves,BP_ZB_ShouTao_Boss_3_2_C,img/item/BP_ZB_ShouTao_Boss_3.webp
Advanced Tempest Griffin Necklace,BP_ZB_XiangLian_Boss_3_2_C,img/item/BP_ZB_XiangLian_Boss_3_2.webp
Advanced Tempest Griffin Ring,BP_ZB_JieZhi_Boss_3_2_C,img/item/BP_ZB_JieZhi_Boss_3.webp
Alpaca Saddle,BP_An_YangTuo_C,img/item/BP_AN_YangTuo.webp
Ancient Gloves,BP_ZB_ShouTao_YiJi_1_C,img/item/BP_ZB_ShouTao_YiJi_1.webp
Ancient Leather Armor,BP_ZB_YiFu_YiJi_1_C,img/item/BP_ZB_YiFu_YiJi_1.webp
Ancient Leather Boots,BP_ZB_XieZi_YiJi_1_C,img/item/BP_ZB_XieZi_YiJi_1.webp
Ancient Leather Pants,BP_ZB_KuZi_YiJi_1_C,img/item/BP_ZB_KuZi_YiJi_1.webp
Ancient Necklace,BP_ZB_XiangLian_YiJi_1_C,img/item/BP_ZB_XiangLian_YiJi_1.webp
Ancient Ring,BP_ZB_JieZhi_YiJi_1_C,img/item/BP_ZB_JieZhi_YiJi_1.webp
Archaic Armor,BP_ZB_YiFu_YiJi_2_C,img/item/BP_ZB_YiFu_YiJi_2.webp
Archaic Boots,BP_ZB_XieZi_YiJi_2_C,img/item/BP_ZB_XieZi_YiJi_2.webp
Archaic Gloves,BP_ZB_ShouTao_YiJi_2_C,img/item/BP_ZB_ShouTao_YiJi_2.webp
Archaic Legguard,BP_ZB_KuZi_YiJi_2_C,img/item/BP_ZB_KuZi_YiJi_2.webp
Archaic Necklace,BP_ZB_XiangLian_YiJi_2_C,img/item/BP_ZB_XiangLian_YiJi_2.webp
Archaic Ring,BP_ZB_JieZhi_YiJi_2_C,img/item/BP_ZB_JieZhi_YiJi_2.webp
Attack Mod 1,BP_GZ_GongJi_1_C,img/item/BP_GZ_GongJi_1.webp
Attack Mod 2,BP_GZ_GongJi_2_C,img/item/BP_GZ_GongJi_2.webp
Attack Mod 3,BP_GZ_GongJi_3_C,img/item/BP_GZ_GongJi_3.webp
Beast Bone Necklace,BP_ZB_XiangLian_2_C,img/item/BP_ZB_XiangLian_2.webp
Beast Bone Ring,BP_ZB_JieZhi_2_C,img/item/BP_ZB_JieZhi_2.webp
Beast Hide Costume,BP_ZB_YiFu_2_C,img/item/BP_ZB_YiFu_2.webp
Beast Hide Gloves,BP_ZB_ShouTao_2_C,img/item/BP_ZB_ShouTao_2.webp
Beast Hide Pants,BP_ZB_KuZi_2_C,img/item/BP_ZB_KuZi_2.webp
Beast Hide Shoes,BP_ZB_XieZi_2_C,img/item/BP_ZB_XieZi_2.webp
Boar Saddle,BP_AN_YeZhu_C,img/item/BP_An_YeZhu.webp
Boxer Shorts,BP_ZhuangBei_Base_C,img/item/T_UE4Logo_Mask.webp
Bronze Costume,BP_ZB_YiFu_3_C,img/item/BP_ZB_YiFu_3.webp
Bronze Gloves,BP_ZB_ShouTao_3_C,img/item/BP_ZB_ShouTao_3.webp
Bronze Necklace,BP_ZB_XiangLian_3_C,img/item/BP_ZB_XiangLian_3.webp
Bronze Pants,BP_ZB_KuZi_3_C,img/item/BP_ZB_KuZi_3.webp
Bronze Ring,BP_ZB_JieZhi_3_C,img/item/BP_ZB_JieZhi_3.webp
Bronze Shoes,BP_ZB_XieZi_3_C,img/item/BP_ZB_XieZi_3.webp
Calaite Ring,BP_ZB_JieZhi_1_C,img/item/BP_ZB_JieZhi_1.webp
Chill Proof Mod 1,BP_GZ_HanKang_1_C,img/item/BP_GZ_HanKang_1.webp
Chill Proof Mod 2,BP_GZ_HanKang_2_C,img/item/BP_GZ_HanKang_2.webp
Chill Proof Mod 3,BP_GZ_HanKang_3_C,img/item/BP_GZ_HanKang_3.webp
Claw Tribe Advanced Combat Costume,BP_ZB_YeMan_ZD_Lv3_01_C,img/item/BP_ZB_YeMan_ZD_Lv3_01.webp
Claw Tribe Advanced Combat Gloves,BP_ZB_YeMan_ZD_Lv3_02_C,img/item/BP_ZB_YeMan_ZD_Lv3_02.webp
Claw Tribe Advanced Combat Pants,BP_ZB_YeMan_ZD_Lv3_03_C,img/item/BP_ZB_YeMan_ZD_Lv3_03.webp
Claw Tribe Advanced Combat Shoes,BP_ZB_YeMan_ZD_Lv3_04_C,img/item/BP_ZB_YeMan_ZD_Lv3_04.webp
Claw Tribe Advanced Costume,BP_ZB_YeMan_SH_Lv3_01_C,img/item/BP_ZB_YeMan_SH_Lv1_01.webp
Claw Tribe Advanced Gloves,BP_ZB_YeMan_SH_Lv3_02_C,img/item/BP_ZB_YeMan_SH_Lv1_02.webp
Claw Tribe Advanced Pants,BP_ZB_YeMan_SH_Lv3_03_C,img/item/BP_ZB_YeMan_SH_Lv1_03.webp
Claw Tribe Advanced Shoes,BP_ZB_YeMan_SH_Lv3_04_C,img/item/BP_ZB_YeMan_SH_Lv1_04.webp
Claw Tribe Basic Combat Costume,BP_ZB_YeMan_ZD_Lv1_01_C,img/item/BP_ZB_YeMan_ZD_Lv1_01.webp
Claw Tribe Basic Combat Gloves,BP_ZB_YeMan_ZD_Lv1_02_C,img/item/BP_ZB_YeMan_ZD_Lv1_02.webp
Claw Tribe Basic Combat Pants,BP_ZB_YeMan_ZD_Lv1_03_C,img/item/BP_ZB_YeMan_ZD_Lv1_03.webp
Claw Tribe Basic Combat Shoes,BP_ZB_YeMan_ZD_Lv1_04_C,img/item/BP_ZB_YeMan_ZD_Lv1_04.webp
Claw Tribe Basic Costume,BP_ZB_YeMan_SH_Lv1_01_C,img/item/BP_ZB_YeMan_SH_Lv1_01.webp
Claw Tribe Basic Gloves,BP_ZB_YeMan_SH_Lv1_02_C,img/item/BP_ZB_YeMan_SH_Lv1_02.webp
Claw Tribe Basic Pants,BP_ZB_YeMan_SH_Lv1_03_C,img/item/BP_ZB_YeMan_SH_Lv1_03.webp
Claw Tribe Basic Shoes,BP_ZB_YeMan_SH_Lv1_04_C,img/item/BP_ZB_YeMan_SH_Lv1_04.webp
Claw Tribe Medium Combat Costume,BP_ZB_YeMan_ZD_Lv2_01_C,img/item/BP_ZB_YeMan_ZD_Lv2_01.webp
Claw Tribe Medium Combat Gloves,BP_ZB_YeMan_ZD_Lv2_02_C,img/item/BP_ZB_YeMan_ZD_Lv2_02.webp
Claw Tribe Medium Combat Pants,BP_ZB_YeMan_ZD_Lv2_03_C,img/item/BP_ZB_YeMan_ZD_Lv2_03.webp
Claw Tribe Medium Combat Shoes,BP_ZB_YeMan_ZD_Lv2_04_C,img/item/BP_ZB_YeMan_ZD_Lv2_04.webp
Claw Tribe Medium Costume,BP_ZB_YeMan_SH_Lv2_01_C,img/item/BP_ZB_YeMan_SH_Lv1_01.webp
Claw Tribe Medium Gloves,BP_ZB_YeMan_SH_Lv2_02_C,img/item/BP_ZB_YeMan_SH_Lv1_02.webp
Claw Tribe Medium Pants,BP_ZB_YeMan_SH_Lv2_03_C,img/item/BP_ZB_YeMan_SH_Lv1_03.webp
Claw Tribe Medium Shoes,BP_ZB_YeMan_SH_Lv2_04_C,img/item/BP_ZB_YeMan_SH_Lv1_04.webp
Claw Tribe Winter Gloves,BP_ZB_YeMan_YuHan_Lv3_02_C,img/item/BP_ZB_YeMan_YuHan_Lv3_02.webp
Claw Tribe's winter boots,BP_ZB_YeMan_YuHan_Lv3_04_C,img/item/BP_ZB_YeMan_YuHan_Lv3_04.webp
Claw Tribe's winter knitwear,BP_ZB_YeMan_YuHan_Lv3_01_C,img/item/BP_ZB_YeMan_YuHan_Lv3_01.webp
Claw Tribe's winter pants,BP_ZB_YeMan_YuHan_Lv3_03_C,img/item/BP_ZB_YeMan_YuHan_Lv3_03.webp
Concealment Mod 1,BP_GZ_YinBi_1_C,img/item/BP_GZ_YinBi_1.webp
Concealment Mod 2,BP_GZ_YinBi_2_C,img/item/BP_GZ_YinBi_2.webp
Concealment Mod 3,BP_GZ_YinBi_3_C,img/item/BP_GZ_YinBi_3.webp
Damage Reduction Mod 1,BP_GZ_JianShang_1_C,img/item/BP_GZ_JianShang_1.webp
Damage Reduction Mod 2,BP_GZ_JianShang_2_C,img/item/BP_GZ_JianShang_2.webp
Defense Mod 1,BP_GZ_FangYu_1_C,img/item/BP_GZ_FangYu_1.webp
Defense Mod 2,BP_GZ_FangYu_2_C,img/item/BP_GZ_FangYu_2.webp
Defense Mod 3,BP_GZ_FangYu_3_C,img/item/BP_GZ_FangYu_3.webp
Enhanced Armor,BP_ZB_YiFu_YiJi_JingHua_C,img/item/BP_ZB_YiFu_6.webp
Enhanced Gloves,BP_ZB_ShouTao_YiJi_JingHua_C,img/item/BP_ZB_ShouTao_6.webp
Enhanced Legguard,BP_ZB_KuZi_YiJi_JingHua_C,img/item/BP_ZB_KuZi_6.webp
Enhanced Necklace,BP_ZB_XiangLian_YiJi_JingHua_C,img/item/BP_ZB_XiangLian_6.webp
Enhanced Ring,BP_ZB_JieZhi_YiJi_JingHua_C,img/item/BP_ZB_JieZhi_6.webp
Enhanced Shoes,BP_ZB_XieZi_YiJi_JingHua_C,img/item/BP_ZB_XieZi_6.webp
Fang Tribe Advanced Combat Costume,BP_ZB_ShenMi_ZD_Lv3_01_C,img/item/BP_ZB_ShenMi_ZD_Lv3_01.webp
Fang Tribe Advanced Combat Gloves,BP_ZB_ShenMi_ZD_Lv3_02_C,img/item/BP_ZB_ShenMi_ZD_Lv3_02.webp
Fang Tribe Advanced Combat Pants,BP_ZB_ShenMi_ZD_Lv3_03_C,img/item/BP_ZB_ShenMi_ZD_Lv3_03.webp
Fang Tribe Advanced Combat Shoes,BP_ZB_ShenMi_ZD_Lv3_04_C,img/item/BP_ZB_ShenMi_ZD_Lv3_04.webp
Fang Tribe Advanced Costume,BP_ZB_ShenMi_SH_Lv3_01_C,img/item/BP_ZB_ShenMi_SH_Lv1_01.webp
Fang Tribe Advanced Gloves,BP_ZB_ShenMi_SH_Lv3_02_C,img/item/BP_ZB_ShenMi_SH_Lv1_02.webp
Fang Tribe Advanced Pants,BP_ZB_ShenMi_SH_Lv3_03_C,img/item/BP_ZB_ShenMi_SH_Lv1_03.webp
Fang Tribe Advanced Shoes,BP_ZB_ShenMi_SH_Lv3_04_C,img/item/BP_ZB_ShenMi_SH_Lv1_04.webp
Fang Tribe Basic Combat Costume,BP_ZB_ShenMi_ZD_Lv1_01_C,img/item/BP_ZB_ShenMi_ZD_Lv1_01.webp
Fang Tribe Basic Combat Gloves,BP_ZB_ShenMi_ZD_Lv1_02_C,img/item/BP_ZB_ShenMi_ZD_Lv1_02.webp
Fang Tribe Basic Combat Pants,BP_ZB_ShenMi_ZD_Lv1_03_C,img/item/BP_ZB_ShenMi_ZD_Lv1_03.webp
Fang Tribe Basic Combat Shoes,BP_ZB_ShenMi_ZD_Lv1_04_C,img/item/BP_ZB_ShenMi_ZD_Lv1_04.webp
Fang Tribe Basic Costume,BP_ZB_ShenMi_SH_Lv1_01_C,img/item/BP_ZB_ShenMi_SH_Lv1_01.webp
Fang Tribe Basic Gloves,BP_ZB_ShenMi_SH_Lv1_02_C,img/item/BP_ZB_ShenMi_SH_Lv1_02.webp
Fang Tribe Basic Pants,BP_ZB_ShenMi_SH_Lv1_03_C,img/item/BP_ZB_ShenMi_SH_Lv1_03.webp
Fang Tribe Basic Shoes,BP_ZB_ShenMi_SH_Lv1_04_C,img/item/BP_ZB_ShenMi_SH_Lv1_04.webp
Fang Tribe Medium Combat Costume,BP_ZB_ShenMi_ZD_Lv2_01_C,img/item/BP_ZB_ShenMi_ZD_Lv2_01.webp
Fang Tribe Medium Combat Gloves,BP_ZB_ShenMi_ZD_Lv2_02_C,img/item/BP_ZB_ShenMi_ZD_Lv2_02.webp
Fang Tribe Medium Combat Pants,BP_ZB_ShenMi_ZD_Lv2_03_C,img/item/BP_ZB_ShenMi_ZD_Lv2_03.webp
Fang Tribe Medium Combat Shoes,BP_ZB_ShenMi_ZD_Lv2_04_C,img/item/BP_ZB_ShenMi_ZD_Lv2_04.webp
Fang Tribe Medium Costume,BP_ZB_ShenMi_SH_Lv2_01_C,img/item/BP_ZB_ShenMi_SH_Lv1_01.webp
Fang Tribe Medium Gloves,BP_ZB_ShenMi_SH_Lv2_02_C,img/item/BP_ZB_ShenMi_SH_Lv1_02.webp
Fang Tribe Medium Pants,BP_ZB_ShenMi_SH_Lv2_03_C,img/item/BP_ZB_ShenMi_SH_Lv1_03.webp
Fang Tribe Medium Shoes,BP_ZB_ShenMi_SH_Lv2_04_C,img/item/BP_ZB_ShenMi_SH_Lv1_04.webp
Fang Tribe Winter Gloves,BP_ZB_ShenMi_YuHan_Lv3_02_C,img/item/BP_ZB_ShenMi_YuHan_Lv3_02.webp
Fang Tribe's winter boots,BP_ZB_ShenMi_YuHan_Lv3_04_C,img/item/BP_ZB_ShenMi_YuHan_Lv3_04.webp
Fang Tribe's winter knitwear,BP_ZB_ShenMi_YuHan_Lv3_01_C,img/item/BP_ZB_ShenMi_YuHan_Lv3_01.webp
Fang Tribe's winter pants,BP_ZB_ShenMi_YuHan_Lv3_03_C,img/item/BP_ZB_ShenMi_YuHan_Lv3_03.webp
Flint Tribe Advanced Combat Costume,BP_ZB_ZhiHui_ZD_Lv3_01_C,img/item/BP_ZB_ZhiHui_ZD_Lv3_01.webp
Flint Tribe Advanced Combat Gloves,BP_ZB_ZhiHui_ZD_Lv3_02_C,img/item/BP_ZB_ZhiHui_ZD_Lv3_02.webp
Flint Tribe Advanced Combat Pants,BP_ZB_ZhiHui_ZD_Lv3_03_C,img/item/BP_ZB_ZhiHui_ZD_Lv3_03.webp
Flint Tribe Advanced Combat Shoes,BP_ZB_ZhiHui_ZD_Lv3_04_C,img/item/BP_ZB_ZhiHui_ZD_Lv3_04.webp
Flint Tribe Advanced Costume,BP_ZB_ZhiHui_SH_Lv3_01_C,img/item/BP_ZB_ZhiHui_SH_Lv1_01.webp
Flint Tribe Advanced Gloves,BP_ZB_ZhiHui_SH_Lv3_02_C,img/item/BP_ZB_ZhiHui_SH_Lv1_02.webp
Flint Tribe Advanced Pants,BP_ZB_ZhiHui_SH_Lv3_03_C,img/item/BP_ZB_ZhiHui_SH_Lv1_03.webp
Flint Tribe Advanced Shoes,BP_ZB_ZhiHui_SH_Lv3_04_C,img/item/BP_ZB_ZhiHui_SH_Lv1_04.webp
Flint Tribe Basic Combat Costume,BP_ZB_ZhiHui_ZD_Lv1_01_C,img/item/BP_ZB_ZhiHui_ZD_Lv1_01.webp
Flint Tribe Basic Combat Gloves,BP_ZB_ZhiHui_ZD_Lv1_02_C,img/item/BP_ZB_ZhiHui_ZD_Lv1_02.webp
Flint Tribe Basic Combat Pants,BP_ZB_ZhiHui_ZD_Lv1_03_C,img/item/BP_ZB_ZhiHui_ZD_Lv1_03.webp
Flint Tribe Basic Combat Shoes,BP_ZB_ZhiHui_ZD_Lv1_04_C,img/item/BP_ZB_ZhiHui_ZD_Lv1_04.webp
Flint Tribe Basic Costume,BP_ZB_ZhiHui_SH_Lv1_01_C,img/item/BP_ZB_ZhiHui_SH_Lv1_01.webp
Flint Tribe Basic Gloves,BP_ZB_ZhiHui_SH_Lv1_02_C,img/item/BP_ZB_ZhiHui_SH_Lv1_02.webp
Flint Tribe Basic Pants,BP_ZB_ZhiHui_SH_Lv1_03_C,img/item/BP_ZB_ZhiHui_SH_Lv1_03.webp
Flint Tribe Basic Shoes,BP_ZB_ZhiHui_SH_Lv1_04_C,img/item/BP_ZB_ZhiHui_SH_Lv1_04.webp
Flint Tribe Medium Combat Costume,BP_ZB_ZhiHui_ZD_Lv2_01_C,img/item/BP_ZB_ZhiHui_ZD_Lv2_01.webp
Flint Tribe Medium Combat Gloves,BP_ZB_ZhiHui_ZD_Lv2_02_C,img/item/BP_ZB_ZhiHui_ZD_Lv2_02.webp
Flint Tribe Medium Combat Pants,BP_ZB_ZhiHui_ZD_Lv2_03_C,img/item/BP_ZB_ZhiHui_ZD_Lv2_03.webp
Flint Tribe Medium Combat Shoes,BP_ZB_ZhiHui_ZD_Lv2_04_C,img/item/BP_ZB_ZhiHui_ZD_Lv2_04.webp
Flint Tribe Medium Costume,BP_ZB_ZhiHui_SH_Lv2_01_C,img/item/BP_ZB_ZhiHui_SH_Lv1_01.webp
Flint Tribe Medium Gloves,BP_ZB_ZhiHui_SH_Lv2_02_C,img/item/BP_ZB_ZhiHui_SH_Lv1_02.webp
Flint Tribe Medium Pants,BP_ZB_ZhiHui_SH_Lv2_03_C,img/item/BP_ZB_ZhiHui_SH_Lv1_03.webp
Flint Tribe Medium Shoes,BP_ZB_ZhiHui_SH_Lv2_04_C,img/item/BP_ZB_ZhiHui_SH_Lv1_04.webp
Flint Tribe Winter Gloves,BP_ZB_ZhiHui_YuHan_Lv3_02_C,img/item/BP_ZB_ZhiHui_YuHan_Lv3_02.webp
Flint Tribe's winter boots,BP_ZB_ZhiHui_YuHan_Lv3_04_C,img/item/BP_ZB_ZhiHui_YuHan_Lv3_04.webp
Flint Tribe's winter knitwear,BP_ZB_ZhiHui_YuHan_Lv3_01_C,img/item/BP_ZB_ZhiHui_YuHan_Lv3_01.webp
Flint Tribe's winter pants,BP_ZB_ZhiHui_YuHan_Lv3_03_C,img/item/BP_ZB_ZhiHui_YuHan_Lv3_03.webp
Frog Bone Necklace,BP_ZB_XiangLian_Boss_2_C,img/item/BP_ZB_XiangLian_Boss_2_2.webp
Frog Bone Ring,BP_ZB_JieZhi_Boss_2_C,img/item/BP_ZB_JieZhi_Boss_2.webp
Frog Claw Gloves,BP_ZB_ShouTao_Boss_2_C,img/item/BP_ZB_ShouTao_Boss_2.webp
Frog Leather Armor,BP_ZB_YiFu_Boss_2_C,img/item/BP_ZB_YiFu_Boss_2.webp
Frog Leather Boots,BP_ZB_XieZi_Boss_2_C,img/item/BP_ZB_XieZi_Boss_2.webp
Frog Leather Pants,BP_ZB_KuZi_Boss_2_C,img/item/BP_ZB_KuZi_Boss_2.webp
Gear Durability Mod 1,BP_GZ_NaiJiu_2_C,img/item/BP_GZ_NaiJiu_2.webp
Gear Durability Mod 2,BP_GZ_NaiJiu_1_C,img/item/BP_GZ_NaiJiu_1.webp
Gear Durability Mod 3,BP_GZ_NaiJiu_3_C,img/item/BP_GZ_NaiJiu_3.webp
Giant Ape Gloves,BP_ZB_ShouTao_Boss_4_C,img/item/BP_ZB_ShouTao_Boss_4.webp
Giant Ape Leather Armor,BP_ZB_YiFu_Boss_4_C,img/item/BP_ZB_YiFu_Boss_4.webp
Giant Ape Leather Boots,BP_ZB_XieZi_Boss_4_C,img/item/BP_ZB_XieZi_Boss_4.webp
Giant Ape Leather Pants,BP_ZB_KuZi_Boss_4_C,img/item/BP_ZB_KuZi_Boss_4.webp
Giant Ape Necklace,BP_ZB_XiangLian_Boss_4_C,img/item/BP_ZB_XiangLian_Boss_4_2.webp
Giant Ape Ring,BP_ZB_JieZhi_Boss_4_C,img/item/BP_ZB_JieZhi_Boss_4.webp
Giant Elephant Deck Saddle,BP_An_Kurma_DaXiang_C,img/item/BP_An_Kurma_DaXiang_Test.webp
Giant Elephant Saddle,BP_An_DaXiang_C,img/item/BP_An_DaXiang.webp
Giant Elephant Seat Cushion,BP_An_DaXiang_GuaJian_C,img/item/BP_An_DaXiang_GuaJian.webp
Heat Proof Mod 1,BP_GZ_YanKang_1_C,img/item/BP_GZ_YanKang_1.webp
Heat Proof Mod 2,BP_GZ_YanKang_2_C,img/item/BP_GZ_YanKang_2.webp
Heat Proof Mod 3,BP_GZ_YanKang_3_C,img/item/BP_GZ_YanKang_3.webp
Iron Costume,BP_ZB_YiFu_4_C,img/item/BP_ZB_YiFu_4.webp
Iron Gloves,BP_ZB_ShouTao_4_C,img/item/BP_ZB_ShouTao_4.webp
Iron Necklace,BP_ZB_XiangLian_4_C,img/item/BP_ZB_XiangLian_4.webp
Iron Pants,BP_ZB_KuZi_4_C,img/item/BP_ZB_KuZi_4.webp
Iron Ring,BP_ZB_JieZhi_4_C,img/item/BP_ZB_JieZhi_4.webp
Iron Shoes,BP_ZB_XieZi_4_C,img/item/BP_ZB_XieZi_4.webp
Linen Costume,BP_ZB_YiFu_1_C,img/item/BP_ZB_YiFu_1.webp
Linen Gloves,BP_ZB_ShouTao_1_C,img/item/BP_ZB_ShouTao_1.webp
Linen Pants,BP_ZB_KuZi_1_C,img/item/BP_ZB_KuZi_1.webp
Linen Shoes,BP_ZB_XieZi_1_C,img/item/BP_ZB_XieZi_1.webp
Llama Extended Seat Cushion,BP_An_DaYangTuo_GuaJian_2_C,img/item/BP_An_DaYangTuo_GuaJian_2.webp
Llama Saddle,BP_An_DaYangTuo_C,img/item/BP_AN_DaYangTuo.webp
Llama Wicker Basket,BP_An_DaYangTuo_GuaJian_C,img/item/BP_An_DaYangTuo_GuaJian.webp
Mammoth Gloves,BP_ZB_ShouTao_Boss_5_C,img/item/BP_ZB_ShouTao_Boss_5.webp
Mammoth Leather Armor,BP_ZB_YiFu_Boss_5_C,img/item/BP_ZB_YiFu_Boss_5.webp
Mammoth Leather Boots,BP_ZB_XieZi_Boss_5_C,img/item/BP_ZB_XieZi_Boss_5.webp
Mammoth Leather Pants,BP_ZB_KuZi_Boss_5_C,img/item/BP_ZB_KuZi_Boss_5.webp
Mammoth Necklace,BP_ZB_XiangLian_Boss_5_C,img/item/BP_ZB_XiangLian_Boss_5_2.webp
Mammoth Ring,BP_ZB_JieZhi_Boss_5_C,img/item/BP_ZB_JieZhi_Boss_5.webp
Moose Saddle,BP_An_Moose_C,img/item/BP_An_Moose.webp
Mysterious Armor,BP_ZB_YiFu_YiJi_3_C,img/item/BP_ZB_YiFu_YiJi_3.webp
Mysterious Boots,BP_ZB_XieZi_YiJi_3_C,img/item/BP_ZB_XieZi_YiJi_3.webp
Mysterious Gloves,BP_ZB_ShouTao_YiJi_3_C,img/item/BP_ZB_ShouTao_YiJi_3.webp
Mysterious Legguard,BP_ZB_KuZi_YiJi_3_C,img/item/BP_ZB_KuZi_YiJi_3.webp
Mysterious Necklace,BP_ZB_XiangLian_YiJi_3_C,img/item/BP_ZB_XiangLian_YiJi_3.webp
Mysterious Ring,BP_ZB_JieZhi_YiJi_3_C,img/item/BP_ZB_JieZhi_YiJi_3.webp
Ostrich Saddle,BP_An_TuoNiao_C,img/item/BP_An_TuoNiao.webp
Panther Saddle,BP_An_BaoZi_C,img/item/BP_An_BaoZi.webp
Poison Proof Mod 1,BP_GZ_DuKang_1_C,img/item/BP_GZ_DuKang_1.webp
Poison Proof Mod 2,BP_GZ_DuKang_2_C,img/item/BP_GZ_DuKang_2.webp
Poison Proof Mod 3,BP_GZ_DuKang_3_C,img/item/BP_GZ_DuKang_3.webp
Radiation Proof Mod 1,BP_GZ_FuKang_1_C,img/item/BP_GZ_FuKang_1.webp
Radiation Proof Mod 2,BP_GZ_FuKang_2_C,img/item/BP_GZ_FuKang_2.webp
Radiation Proof Mod 3,BP_GZ_FuKang_3_C,img/item/BP_GZ_FuKang_3.webp
Red Moose Saddle,BP_An_Moose_Activity_C,img/item/BP_An_Moose2_2.webp
Saber-toothed Predator Gloves,BP_ZB_ShouTao_JianChiHu_C,img/item/BP_ZB_ShouTao_JianChiHu.webp
Saber-toothed Predator Leather Armor,BP_ZB_YiFu_JianChiHu_C,img/item/BP_ZB_YiFu_JianChiHu.webp
Saber-toothed Predator Leather Boots,BP_ZB_XieZi_JianChiHu_C,img/item/BP_ZB_XieZi_JianChiHu.webp
Saber-toothed Predator Leather Pants,BP_ZB_KuZi_JianChiHu_C,img/item/BP_ZB_KuZi_JianChiHu.webp
Saber-toothed Predator Necklace,BP_ZB_XiangLian_JianChiHu_C,img/item/BP_ZB_XiangLian_JianChiHu.webp
Saber-toothed Predator Ring,BP_ZB_JieZhi_JianChiHu_C,img/item/BP_ZB_JieZhi_JianChiHu.webp
Sled,BP_An_Moose_Sled_C,img/item/BP_An_Moose_Sled.webp
Snow Leopard Saddle,BP_An_XueBao_C,img/item/BP_An_BaoZi.webp
Sound Mod 1,BP_GZ_ShengYin_1_C,img/item/BP_GZ_ShengYin_1.webp
Sound Mod 2,BP_GZ_ShengYin_2_C,img/item/BP_GZ_ShengYin_2.webp
Sound Mod 3,BP_GZ_ShengYin_3_C,img/item/BP_GZ_ShengYin_3.webp
Steel Costume,BP_ZB_YiFu_5_C,img/item/BP_ZB_YiFu_5.webp
Steel Gloves,BP_ZB_ShouTao_5_C,img/item/BP_ZB_ShouTao_5.webp
Steel Necklace,BP_ZB_XiangLian_5_C,img/item/BP_ZB_XiangLian_5.webp
Steel Pants,BP_ZB_KuZi_5_C,img/item/BP_ZB_KuZi_5.webp
Steel Ring,BP_ZB_JieZhi_5_C,img/item/BP_ZB_JieZhi_5.webp
Steel Shoes,BP_ZB_XieZi_5_C,img/item/BP_ZB_XieZi_5.webp
Stone Bead Necklace,BP_ZB_XiangLian_1_C,img/item/BP_ZB_XiangLian_1.webp
Tempest Griffin Feather Armor,BP_ZB_YiFu_Boss_3_C,img/item/BP_ZB_YiFu_Boss_3.webp
Tempest Griffin Feather Boots,BP_ZB_XieZi_Boss_3_C,img/item/BP_ZB_XieZi_Boss_3.webp
Tempest Griffin Feather Pants,BP_ZB_KuZi_Boss_3_C,img/item/BP_ZB_KuZi_Boss_3.webp
Tempest Griffin Gloves,BP_ZB_ShouTao_Boss_3_C,img/item/BP_ZB_ShouTao_Boss_3.webp
Tempest Griffin Necklace,BP_ZB_XiangLian_Boss_3_C,img/item/BP_ZB_XiangLian_Boss_3_2.webp
Tempest Griffin Ring,BP_ZB_JieZhi_Boss_3_C,img/item/BP_ZB_JieZhi_Boss_3.webp
Worn Bronze Costume,BP_ZB_YiFu_3_sp_C,img/item/BP_ZB_YiFu_3.webp
Worn Bronze Gloves,BP_ZB_ShouTao_3_sp_C,img/item/BP_ZB_ShouTao_3.webp
Worn Bronze Necklace,BP_ZB_XiangLian_3_sp_C,img/item/BP_ZB_XiangLian_3.webp
Worn Bronze Pants,BP_ZB_KuZi_3_sp_C,img/item/BP_ZB_KuZi_3.webp
Worn Bronze Ring,BP_ZB_JieZhi_3_sp_C,img/item/BP_ZB_JieZhi_3_sp.webp
Worn Bronze Shoes,BP_ZB_XieZi_3_sp_C,img/item/BP_ZB_XieZi_3.webp
Worn Iron Costume,BP_ZB_YiFu_4_sp_C,img/item/BP_ZB_YiFu_4.webp
Worn Iron Gloves,BP_ZB_ShouTao_4_sp_C,img/item/BP_ZB_ShouTao_4.webp
Worn Iron Necklace,BP_ZB_XiangLian_4_sp_C,img/item/BP_ZB_XiangLian_4.webp
Worn Iron Pants,BP_ZB_KuZi_4_sp_C,img/item/BP_ZB_KuZi_4.webp
Worn Iron Ring,BP_ZB_JieZhi_4_sp_C,img/item/BP_ZB_JieZhi_4_sp.webp
Worn Iron Shoes,BP_ZB_XieZi_4_sp_C,img/item/BP_ZB_XieZi_4.webp
Worn Steel Costume,BP_ZB_YiFu_5_sp_C,img/item/BP_ZB_YiFu_5.webp
Worn Steel Gloves,BP_ZB_ShouTao_5_sp_C,img/item/BP_ZB_ShouTao_5.webp
Worn Steel Necklace,BP_ZB_XiangLian_5_sp_C,img/item/BP_ZB_XiangLian_5.webp
Worn Steel Pants,BP_ZB_KuZi_5_sp_C,img/item/BP_ZB_KuZi_5.webp
Worn Steel Ring,BP_ZB_JieZhi_5_sp_C,img/item/BP_ZB_JieZhi_5.webp
Worn Steel Shoes,BP_ZB_XieZi_5_sp_C,img/item/BP_ZB_XieZi_5.webp
